graph_id,classical_spills,classical_allocator_seconds
func_425,34,0.180813500
func_426,64,0.251025400
func_427,37,0.047061100
func_428,43,0.199626700
func_429,62,0.272475100
func_430,42,0.107838900
func_431,27,0.078297700
func_432,56,0.075226900
func_433,17,0.011583200
func_434,19,0.032532500
func_435,47,0.067555500
func_436,48,0.133810200
func_437,15,0.018105600
func_438,48,0.047008800
func_439,45,0.073815500
func_440,44,0.088400900
func_441,4,0.000679600
func_442,51,0.151734100
func_443,21,0.022416900
func_444,17,0.003875200
func_445,10,0.002875500
func_446,25,0.054829600
func_447,69,0.279594400
func_448,44,0.078621700
func_449,0,0.000510000
func_450,40,0.060346200
func_451,0,0.000208600
func_452,27,0.105809900
func_453,32,0.031289800
func_454,52,0.162415700
func_455,1,0.002257500
func_456,73,0.144093800
func_457,19,0.013580300
func_458,16,0.020295600
func_459,14,0.002637400
func_460,2,0.000937300
func_461,30,0.073174700
func_462,10,0.001377300
func_463,33,0.017328700
func_464,18,0.023802400
func_465,68,0.199381900
func_466,7,0.001515100
func_467,29,0.031317700
func_468,86,0.244782200
func_469,72,0.229878800
func_470,0,0.000573600
func_471,41,0.035034900
func_472,67,0.301322500
func_473,0,0.000604700
func_474,78,0.322254500
func_475,46,0.078116100
func_476,39,0.198902500
func_477,30,0.010979700
func_478,8,0.001558100
func_479,28,0.104822700
func_480,54,0.121650400
func_481,13,0.011684000
func_482,42,0.127662800
func_483,81,0.373966500
func_484,24,0.009793000
func_485,6,0.004215600
func_486,18,0.006451800
func_487,14,0.005337800
func_488,0,0.001398700
func_489,20,0.003171800
func_490,56,0.158583700
func_491,35,0.110097300
func_492,17,0.004319100
func_493,37,0.065309200
func_494,14,0.005659200
func_495,49,0.065733700
func_496,18,0.006904300
func_497,19,0.025552300
func_498,65,0.137856500
func_499,51,0.095843000
